{
    "microsoft/deberta-base#concreteness_score_addition#train": [
        {
            "epoch": 1,
            "validation_accuracy": 0.6927374301675978,
            "validation_precision": 0.4218020040624624,
            "validation_recall": 0.3559372710929617,
            "validation_f1": 0.3768922810205211,
            "validation_roc_auc": 0.7322247730008058,
            "test_accuracy": 0.7109181141439206,
            "test_precision": 0.43716666396861975,
            "test_recall": 0.355651127194351,
            "test_f1": 0.3810411090174126,
            "test_roc_auc": 0.7480621093169341
        },
        {
            "epoch": 2,
            "validation_accuracy": 0.6970825574177529,
            "validation_precision": 0.42389880772256855,
            "validation_recall": 0.3704935960884305,
            "validation_f1": 0.3897601769441422,
            "validation_roc_auc": 0.7471510359169014,
            "test_accuracy": 0.716501240694789,
            "test_precision": 0.44323430934064056,
            "test_recall": 0.37569205891207735,
            "test_f1": 0.39911016466674515,
            "test_roc_auc": 0.7521232228941506
        },
        {
            "epoch": 3,
            "validation_accuracy": 0.6952203600248293,
            "validation_precision": 0.4348065391611574,
            "validation_recall": 0.38111757381859046,
            "validation_f1": 0.39849114414004394,
            "validation_roc_auc": 0.7416702204465793,
            "test_accuracy": 0.6972704714640199,
            "test_precision": 0.4138699623541438,
            "test_recall": 0.3711096128936415,
            "test_f1": 0.38568488972615833,
            "test_roc_auc": 0.7579992280838453
        },
        {
            "epoch": 4,
            "validation_accuracy": 0.6759776536312849,
            "validation_precision": 0.41413428206531655,
            "validation_recall": 0.39330102647539245,
            "validation_f1": 0.3980007288956302,
            "validation_roc_auc": 0.748235621212072,
            "test_accuracy": 0.6879652605459057,
            "test_precision": 0.4026696303910632,
            "test_recall": 0.3847691512430508,
            "test_f1": 0.3896345834849244,
            "test_roc_auc": 0.7618493948553722
        }
    ],
    "microsoft/deberta-base#concreteness_score_addition#artificial_train_combined": [
        {
            "epoch": 1,
            "validation_accuracy": 0.7039106145251397,
            "validation_precision": 0.46636108745345195,
            "validation_recall": 0.2844471549676165,
            "validation_f1": 0.3024495550597215,
            "validation_roc_auc": 0.7255222363745157,
            "test_accuracy": 0.7047146401985112,
            "test_precision": 0.4636635811970497,
            "test_recall": 0.2673219093360747,
            "test_f1": 0.2824098002680195,
            "test_roc_auc": 0.7261880371937802
        },
        {
            "epoch": 2,
            "validation_accuracy": 0.7001862197392924,
            "validation_precision": 0.4313624685543007,
            "validation_recall": 0.37017312247760786,
            "validation_f1": 0.3906041688156536,
            "validation_roc_auc": 0.7544576455072842,
            "test_accuracy": 0.7028535980148883,
            "test_precision": 0.4307420925470572,
            "test_recall": 0.37248031799696274,
            "test_f1": 0.3916704786107582,
            "test_roc_auc": 0.7577852008439887
        },
        {
            "epoch": 3,
            "validation_accuracy": 0.7008069522036002,
            "validation_precision": 0.43372110615727993,
            "validation_recall": 0.35924115103188076,
            "validation_f1": 0.3833207575524618,
            "validation_roc_auc": 0.7504109898389111,
            "test_accuracy": 0.7016129032258065,
            "test_precision": 0.41672846830686383,
            "test_recall": 0.35746604705958596,
            "test_f1": 0.3790137377770292,
            "test_roc_auc": 0.762922571283715
        },
        {
            "epoch": 4,
            "validation_accuracy": 0.6852886405959032,
            "validation_precision": 0.42041506738416123,
            "validation_recall": 0.4033622116266014,
            "validation_f1": 0.4086436760613049,
            "validation_roc_auc": 0.7511751212301095,
            "test_accuracy": 0.6755583126550868,
            "test_precision": 0.39591511608405844,
            "test_recall": 0.37608030012206095,
            "test_f1": 0.3820738656746448,
            "test_roc_auc": 0.7608685996900985
        }
    ],
    "microsoft/deberta-base#normal_finetuning#train": [
        {
            "epoch": 1,
            "validation_accuracy": 0.6641837368094351,
            "validation_precision": 0.13283674736188703,
            "validation_recall": 0.2,
            "validation_f1": 0.15964192465497945,
            "validation_roc_auc": 0.4925887407513775,
            "test_accuracy": 0.6836228287841191,
            "test_precision": 0.13672456575682382,
            "test_recall": 0.2,
            "test_f1": 0.1624170965364775,
            "test_roc_auc": 0.5066870287818176
        },
        {
            "epoch": 2,
            "validation_accuracy": 0.6641837368094351,
            "validation_precision": 0.13283674736188703,
            "validation_recall": 0.2,
            "validation_f1": 0.15964192465497945,
            "validation_roc_auc": 0.5096583369009977,
            "test_accuracy": 0.6836228287841191,
            "test_precision": 0.13672456575682382,
            "test_recall": 0.2,
            "test_f1": 0.1624170965364775,
            "test_roc_auc": 0.5172044720802876
        },
        {
            "epoch": 3,
            "validation_accuracy": 0.6641837368094351,
            "validation_precision": 0.13283674736188703,
            "validation_recall": 0.2,
            "validation_f1": 0.15964192465497945,
            "validation_roc_auc": 0.505349078749955,
            "test_accuracy": 0.6836228287841191,
            "test_precision": 0.13672456575682382,
            "test_recall": 0.2,
            "test_f1": 0.1624170965364775,
            "test_roc_auc": 0.4953449943917754
        },
        {
            "epoch": 4,
            "validation_accuracy": 0.6641837368094351,
            "validation_precision": 0.13283674736188703,
            "validation_recall": 0.2,
            "validation_f1": 0.15964192465497945,
            "validation_roc_auc": 0.516211649922823,
            "test_accuracy": 0.6836228287841191,
            "test_precision": 0.13672456575682382,
            "test_recall": 0.2,
            "test_f1": 0.1624170965364775,
            "test_roc_auc": 0.5157325885822553
        }
    ],
    "microsoft/deberta-base#normal_finetuning#artificial_train_combined": [
        {
            "epoch": 1,
            "validation_accuracy": 0.6641837368094351,
            "validation_precision": 0.13283674736188703,
            "validation_recall": 0.2,
            "validation_f1": 0.15964192465497945,
            "validation_roc_auc": 0.6165894658085169,
            "test_accuracy": 0.6836228287841191,
            "test_precision": 0.13672456575682382,
            "test_recall": 0.2,
            "test_f1": 0.1624170965364775,
            "test_roc_auc": 0.6273248596128914
        },
        {
            "epoch": 2,
            "validation_accuracy": 0.6846679081315953,
            "validation_precision": 0.31039490257566216,
            "validation_recall": 0.2748058938449449,
            "validation_f1": 0.2746759570155926,
            "validation_roc_auc": 0.6959619673936746,
            "test_accuracy": 0.6823821339950372,
            "test_precision": 0.2946252088826346,
            "test_recall": 0.2653234177868652,
            "test_f1": 0.26474779389471337,
            "test_roc_auc": 0.6739537012060015
        },
        {
            "epoch": 3,
            "validation_accuracy": 0.7063935443823712,