{
    "facebook/bart-base#normal_finetuning": [
        {
            "epoch": 0,
            "validation_accuracy": 0.7129629629629629,
            "validation_precision": 0.35648148148148145,
            "validation_recall": 0.5,
            "validation_f1": 0.41621621621621624,
            "validation_roc_auc": 0.7098868873062422,
            "test_accuracy": 0.7129629629629629,
            "test_precision": 0.35648148148148145,
            "test_recall": 0.5,
            "test_f1": 0.41621621621621624,
            "test_roc_auc": 0.6598240469208212
        },
        {
            "epoch": 1,
            "validation_accuracy": 0.7268518518518519,
            "validation_precision": 0.6840354767184036,
            "validation_recall": 0.5434645999162128,
            "validation_f1": 0.5137177090090435,
            "validation_roc_auc": 0.8017385839966485,
            "test_accuracy": 0.6898148148148148,
            "test_precision": 0.510989010989011,
            "test_recall": 0.5030372852953499,
            "test_f1": 0.45949579831932774,
            "test_roc_auc": 0.6889400921658987
        },
        {
            "epoch": 2,
            "validation_accuracy": 0.7685185185185185,
            "validation_precision": 0.7277777777777777,
            "validation_recall": 0.6545873481357352,
            "validation_f1": 0.6700476597824758,
            "validation_roc_auc": 0.7941977377461248,
            "test_accuracy": 0.7129629629629629,
            "test_precision": 0.632183908045977,
            "test_recall": 0.6011730205278593,
            "test_f1": 0.6074108818011257,
            "test_roc_auc": 0.7094679514034354
        },
        {
            "epoch": 3,
            "validation_accuracy": 0.7546296296296297,
            "validation_precision": 0.7037884767166536,
            "validation_recall": 0.6352115626309175,
            "validation_f1": 0.6476996460993999,
            "validation_roc_auc": 0.7937788018433181,
            "test_accuracy": 0.7037037037037037,
            "test_precision": 0.6132465996451804,
            "test_recall": 0.5802262253875157,
            "test_f1": 0.5836144578313252,
            "test_roc_auc": 0.7210934227063259
        }
    ],
    "facebook/bart-base#concreteness_score_addition": [
        {
            "epoch": 0,
            "validation_accuracy": 0.75,
            "validation_precision": 0.6944444444444444,
            "validation_recall": 0.6319648093841642,
            "validation_f1": 0.6436514725650739,
            "validation_roc_auc": 0.7480100544616674,
            "test_accuracy": 0.7268518518518519,
            "test_precision": 0.6534115601912212,
            "test_recall": 0.610913280268119,
            "test_f1": 0.6187969250097216,
            "test_roc_auc": 0.7227691663175535
        },
        {
            "epoch": 1,
            "validation_accuracy": 0.7361111111111112,
            "validation_precision": 0.6692586441189793,
            "validation_recall": 0.6174067867616254,
            "validation_f1": 0.6265356265356266,
            "validation_roc_auc": 0.7440301633850022,
            "test_accuracy": 0.7361111111111112,
            "test_precision": 0.670719784919956,
            "test_recall": 0.6463133640552995,
            "test_f1": 0.6544581965142713,
            "test_roc_auc": 0.7428780896522832
        },
        {
            "epoch": 2,
            "validation_accuracy": 0.75,
            "validation_precision": 0.7197750702905341,
            "validation_recall": 0.5982404692082112,
            "validation_f1": 0.6009852216748769,
            "validation_roc_auc": 0.7498952660242982,
            "test_accuracy": 0.75,
            "test_precision": 0.6983695652173914,
            "test_recall": 0.6223292836196062,
            "test_f1": 0.6328843006420748,
            "test_roc_auc": 0.7375366568914956
        },
        {
            "epoch": 3,
            "validation_accuracy": 0.7638888888888888,
            "validation_precision": 0.7325281209662549,
            "validation_recall": 0.632069543359866,
            "validation_f1": 0.6450001611291935,
            "validation_roc_auc": 0.7547130289065773,
            "test_accuracy": 0.7361111111111112,
            "test_precision": 0.669692186266772,
            "test_recall": 0.6125890238793464,
            "test_f1": 0.6211109401446376,
            "test_roc_auc": 0.7442396313364056
        }
    ],
    "microsoft/deberta-base#normal_finetuning": [
        {
            "epoch": 0,
            "validation_accuracy": 0.7129629629629629,
            "validation_precision": 0.35648148148148145,
            "validation_recall": 0.5,
            "validation_f1": 0.41621621621621624,
            "validation_roc_auc": 0.7750314201927105,
            "test_accuracy": 0.7129629629629629,
            "test_precision": 0.35648148148148145,
            "test_recall": 0.5,
            "test_f1": 0.41621621621621624,
            "test_roc_auc": 0.6953288646837035
        },
        {
            "epoch": 1,
            "validation_accuracy": 0.7314814814814815,
            "validation_precision": 0.6633738601823709,
            "validation_recall": 0.5900712191034772,
            "validation_f1": 0.5929824561403508,
            "validation_roc_auc": 0.7454964390448262,
            "test_accuracy": 0.7083333333333334,
            "test_precision": 0.6023243387656959,
            "test_recall": 0.5401131126937578,
            "test_f1": 0.5213675213675213,
            "test_roc_auc": 0.7336614997905321
        },
        {
            "epoch": 2,
            "validation_accuracy": 0.7407407407407407,
            "validation_precision": 0.6770833333333333,
            "validation_recall": 0.6495601173020528,
            "validation_f1": 0.658498023715415,
            "validation_roc_auc": 0.7535609551738583,
            "test_accuracy": 0.7314814814814815,
            "test_precision": 0.6613636363636364,
            "test_recall": 0.6189777963971512,
            "test_f1": 0.627807486631016,
            "test_roc_auc": 0.734080435693339
        },
        {
            "epoch": 3,
            "validation_accuracy": 0.7083333333333334,
            "validation_precision": 0.6149084568439407,
            "validation_recall": 0.5690196899874319,
            "validation_f1": 0.5683699685983443,
            "validation_roc_auc": 0.7497905320485966,
            "test_accuracy": 0.7175925925925926,
            "test_precision": 0.6329522404573115,
            "test_recall": 0.5755131964809383,
            "test_f1": 0.575392349585898,
            "test_roc_auc": 0.7342899036447423
        }
    ],
    "microsoft/deberta-base#concreteness_score_addition": [
        {
            "epoch": 0,
            "validation_accuracy": 0.7129629629629629,
            "validation_precision": 0.35648148148148145,
            "validation_recall": 0.5,
            "validation_f1": 0.41621621621621624,
            "validation_roc_auc": 0.47737746124842895,
            "test_accuracy": 0.7129629629629629,
            "test_precision": 0.35648148148148145,
            "test_recall": 0.5,
            "test_f1": 0.41621621621621624,
            "test_roc_auc": 0.46622329283619607
        },
        {
            "epoch": 1,
            "validation_accuracy": 0.7129629629629629,
            "validation_precision": 0.35648148148148145,
            "validation_recall": 0.5,
            "validation_f1": 0.41621621621621624,
            "validation_roc_auc": 0.48345203183912855,
            "test_accuracy": 0.7129629629629629,
            "test_precision": 0.35648148148148145,
            "test_recall": 0.5,
            "test_f1": 0.41621621621621624,
            "test_roc_auc": 0.5217322999581064
        },
        {
            "epoch": 2,
            "validation_accuracy": 0.7129629629629629,
            "validation_precision": 0.35648148148148145,
            "validation_recall": 0.5,
            "validation_f1": 0.41621621621621624,